Follower_Link,Follower
/user-413170737,VoiceOver
/s0nicsp4ce,s0nicsp4ce
/user-791142398,samikove
/berlin-sensation,Berlin Sensation  Follow 4 Repost
/tordo-2,A & J
/eber-santanna,SantannaBR
/weff-2qwqefd,Weff 2qwqefd
/martin-gumpert,NIIKITA
/ben_rowe,BEN ROWE
/mikha-el-621018570,Miro Music
/adotass-17,.ΛDOLFO  TΛSSINΛRI
/jacek-dance,Jacek Dance
/mauricio-cavalcanti-500953883,Mauricio Cavalcanti
/saphira-292154031,Saphira
/chloe-chlela,Chloe Chelala
/gotifoo,GOTIFOO
/cloaked-music,Cloaked
/strogg34,Strogg
/audelo-huatulco,Audelo Huatulco
/dj-joe-rowe,DJ Joe Rowe
/user-832119105,Albakar
/daniel-rodrigues-387,Daniel Rodrigues
/tonifromibiz,Shüa
/dirkjlrice,dirkjlrice
/tedtbielski20,Ted T Bielski20
/cjbourne1972,cjbourne1972
/jarredphilipburgess18,jarred philip burgess18
/cepeqykakom,cepeqykakom
/gavinlangston1960,gavin langston1960
/ericdquinto,ericdquinto
/nickgwfulton9,Nick G w Fulton9
/bradymcwhinney8,Brady McWhinney8
/jlpalumbo,J L Palumbo
/user-434267326,User 434267326
/benjithomasvaldez7,BenjiThomasValdez7
/coreyttrent,CoreyTTrent
/ixuhigyhu6,ixuhigyhu6
/djroosevelt9,D J Roosevelt9
/richardrapaport,RichardRapaport
/roryhannon,rory hannon
/zahewovek4,zahewovek4
/bgbannerman,b g bannerman
/garretttygamble48,Garrett Ty Gamble48
/zachcuhughes2,zach c u hughes2
/stanrobbievidal1975,stanrobbievidal1975
/user-471484477,User 471484477
/lastbar,Last Bar
/user-452901218,kl
/douglas-santos-993564128,Douglas Santos
/user-719012902,Catharina
/nathalie-cordeiro-388098157,Nathalie Cordeiro
/user-957567952,User 957567952
/steven-barrett-230236835,Steven Barrett
/filippo-djphil,Filippo DjPhil
/slimq-music,SlimQ
/drummonddisk,Drummond
/user-891124418,Vincent Zarano
/kampang-studio,KamPANG STUDIO
/anu81-channel,ANU81 Channel
/draconiangrime,Draconian Grime
/ranemmer,Nemmer Urmah
/alisson-silva-946571680,Alisson Silva
/luca-bonati,TV DJ Luca Bonati
/nanakasediline,ADRIAN NANAKASE / DILINE
/alegemuzicaro,MuzicaX
/eternomusic,ETERNO
/tobreaktazu08,Tobreak Tazu
/vasile-briscan,Obsession
/anna-zendaya211-plummer,Open Up
/djjudd,HALSTON
/tanya-costi-d,Alena Danielle
/adriassi,Adriassi
/kornellofficial,Kornell
/user-999810453,Diana Figueiredo
/whathappensafter,AF:TR
/peter-khairallahh,Peter Khairallah
/notronmusic,Notron
/ianbuller,Ian Buller
/quota_music,Quota
/side-duk,OXOLOTL
/jesus-redsoul,Jesus RedSoul
/hdfhgeldkins,Helen Adkins
/patrick-lima-693483409,Patrick
/rasmus-petersen-5,Max Restless
/rave-repost,Rave Repost [Acid/Techno/Tekno/Psy/Hardcore/...]
/by_sep,Beghelli
/gastonmartinezdj,GASTON MARTINEZ
/yxjee,YXJEE
/oldfatherwilliam,Old Father William
/sonicsurgeonofficial,Sonic Surgeon
/sunesund,Sune Sund
/beat-groove-rhythm,BGR (Beat Groove Rhythm)
/user-532903334-757738478,RationaL victim
/pablogoyesi,Pablo Goyesi
/clementvandijk,Clay van Dijk
/luisvenetianofficial,Luis Venetian
/user-617832678-512417099,TempoTantrum
/prlproject-art,BREAKY BREAK
/cssantos1,JurasicII
/pilch,pilch
/brizeoficial,BRIZE
/duomaquiavel,DuoMaquiavel
/paulcowling,Paul Cowling
/user-239258427,Petra Sandel
/dallaserra,Dallaserra
/goldenindigo,Golden Indigo
/dj_koda,Koda (Hardtechno)
/thehowdj,TheHow
/lalo-gomez-961471682,Venez OG
/real-henryfonda-official,Henry Fonda DJ & Producer
/herzensbretter,Herzensbretter
/user-779404713,Matt Gunter
/user-286707836-680839213,Laura Shorter
